Workbook

Sheet Members
A1: Member | B1: Type | C1: Fee | D1: Notes
A2: Member 01 | B2: Standard | C2: =IF(B2="Student",'Fee Rules'!$B$2*'Fee Rules'!$B$3,'Fee Rules'!$B$2) -> 100
A3: Member 02 | B3: Standard | C3: =IF(B3="Student",'Fee Rules'!$B$2*'Fee Rules'!$B$3,'Fee Rules'!$B$2) -> 100
A4: Member 03 | B4: Student | C4: =IF(B4="Student",'Fee Rules'!$B$2*'Fee Rules'!$B$3,'Fee Rules'!$B$2) -> 50
A5: Member 04 | B5: Standard | C5: =IF(B5="Student",'Fee Rules'!$B$2*'Fee Rules'!$B$3,'Fee Rules'!$B$2) -> 100
A6: Member 05 | B6: Standard | C6: 125
A7: Member 06 | B7: Student | C7: =IF(B7="Student",'Fee Rules'!$B$2*'Fee Rules'!$B$3,'Fee Rules'!$B$2) -> 50
A8: Member 07 | B8: Standard | C8: =IF(B8="Student",'Fee Rules'!$B$2*'Fee Rules'!$B$3,'Fee Rules'!$B$2) -> 100
A9: Member 08 | B9: Standard | C9: =IF(B9="Student",'Fee Rules'!$B$2*'Fee Rules'!$B$3,'Fee Rules'!$B$2) -> 100
A10: Member 09 | B10: Student | C10: =IF(B10="Student",'Fee Rules'!$B$2*'Fee Rules'!$B$3,'Fee Rules'!$B$2) -> 50
A11: Member 10 | B11: Standard | C11: =IF(B11="Student",'Fee Rules'!$B$2*'Fee Rules'!$B$3,'Fee Rules'!$B$2) -> 100
A12: Member 11 | B12: Standard | C12: =IF(B12="Student",'Fee Rules'!$B$2*'Fee Rules'!$B$3,'Fee Rules'!$B$2) -> 100
A13: Member 12 | B13: Student | C13: =IF(B13="Student",'Fee Rules'!$B$2*'Fee Rules'!$B$3,'Fee Rules'!$B$2) -> 50
A14: Member 13 | B14: Standard | C14: =IF(B14="Student",'Fee Rules'!$B$4*'Fee Rules'!$B$3,'Fee Rules'!$B$4) -> 75
A15: Member 14 | B15: Standard | C15: =IF(B15="Student",'Fee Rules'!$B$2*'Fee Rules'!$B$3,'Fee Rules'!$B$2) -> 100
A16: Member 15 | B16: Student | C16: =IF(B16="Student",'Fee Rules'!$B$2*'Fee Rules'!$B$3,'Fee Rules'!$B$2) -> 50
A17: Member 16 | B17: Standard | C17: =IF(B17="Student",'Fee Rules'!$B$2*'Fee Rules'!$B$3,'Fee Rules'!$B$2) -> 100
A18: Member 17 | B18: Standard | C18: =IF(B18="Student",'Fee Rules'!$B$2*'Fee Rules'!$B$3,'Fee Rules'!$B$2) -> 100
A19: Member 18 | B19: Student | C19: =IF(B19="Student",'Fee Rules'!$B$2*'Fee Rules'!$B$3,'Fee Rules'!$B$2) -> 50
A20: Member 19 | B20: Standard | C20: 0 | D20: Waived — board decision
A21: Member 20 | B21: Standard | C21: =IF(B21="Student",'Fee Rules'!$B$2*'Fee Rules'!$B$3,'Fee Rules'!$B$2) -> 100
A22: Member 21 | B22: Student | C22: =IF(B22="Student",'Fee Rules'!$B$2*'Fee Rules'!$B$3,'Fee Rules'!$B$2) -> 50
A23: Member 22 | B23: Standard | C23: =IF(B23="Student",'Fee Rules'!$B$2*'Fee Rules'!$B$3,'Fee Rules'!$B$2) -> 100
A24: Member 23 | B24: Standard | C24: =IF(B24="Student",'Fee Rules'!$B$2*'Fee Rules'!$B$3,'Fee Rules'!$B$2) -> 100
A25: Member 24 | B25: Student | C25: =IF(B25="Student",'Fee Rules'!$B$2*'Fee Rules'!$B$3,'Fee Rules'!$B$2) -> 50
A26: Member 25 | B26: Standard | C26: 0
A27: Member 26 | B27: Standard | C27: =IF(B27="Student",'Fee Rules'!$B$2*'Fee Rules'!$B$3,'Fee Rules'!$B$2) -> 100
A28: Member 27 | B28: Student | C28: =IF(B28="Student",'Fee Rules'!$B$2*'Fee Rules'!$B$3,'Fee Rules'!$B$2) -> 50
A29: Member 28 | B29: Standard | C29: =IF(B29="Student",'Fee Rules'!$B$2*'Fee Rules'!$B$3,'Fee Rules'!$B$2) -> 100
A30: Member 29 | B30: Standard | C30: =IF(B30="Student",'Fee Rules'!$B$2*'Fee Rules'!$B$3,'Fee Rules'!$B$2) -> 100
A31: Member 30 | B31: Student | C31: =IF(B31="Student",'Fee Rules'!$B$2*'Fee Rules'!$B$3,'Fee Rules'!$B$2) -> 50
A32: TOTAL | C32: =SUM(C2:C30) -> 2250

Sheet Fee Rules
A1: Rule | B1: Value
A2: Standard fee | B2: 100
A3: Student rate | B3: 0.5
A4: Guest fee | B4: 75
